{
    "services": [
        {
            "serviceType": "Brightness",
            "description": "Brightness",
            "commands": [
                {
                    "commandName": "SET_DEVICE_LEVEL",
                    "paras": [
                        {
                            "paraName": "value",
                            "dataType": "string",
                            "required": true,
                            "min": 0,
                            "max": 200,
                            "step": 1,
                            "maxLength": 10,
                            "unit": null,
                            "enumList": null
                        }
                    ],
                    "responses": [
                        {
                            "responseName": "SET_DEVICE_LEVEL_RSP",
                            "paras": [
                                {
                                    "paraName": "result",
                                    "dataType": "int",
                                    "required": true,
                                    "min": -1000000,
                                    "max": 1000000,
                                    "step": 1,
                                    "maxLength": 10,
                                    "unit": null,
                                    "enumList": null
                                }
                            ]
                        }
                    ]
                },
                {
                    "commandName": "SET_PRESSURE_READ_PERIOD",
                    "paras": [
                        {
                            "paraName": "value",
                            "dataType": "int",
                            "required": true,
                            "min": 1,
                            "max": 24,
                            "step": 1,
                            "maxLength": 10,
                            "unit": "hour",
                            "enumList": null
                        }
                    ],
                    "responses": [
                        {
                            "responseName": "SET_PRESSURE_READ_PERIOD_RSP",
                            "paras": [
                                {
                                    "paraName": "result",
                                    "dataType": "int",
                                    "required": true,
                                    "min": -1000000,
                                    "max": 1000000,
                                    "step": 1,
                                    "maxLength": 10,
                                    "unit": null,
                                    "enumList": null
                                }
                            ]
                        }
                    ]
                }
            ],
            "properties": [
                {
                    "propertyName": "brightness",
                    "dataType": "int",
                    "required": true,
                    "min": 0,
                    "max": 100,
                    "step": 1,
                    "maxLength": null,
                    "method": "RE",
                    "unit": null,
                    "enumList": null
                }
            ]
        }
    ]
}