{
    "devices": [
        {
            "manufacturerId": "Huawei",
            "manufacturerName": "Huawei",
            "model": "NBIoTDevice",
            "protocolType": "CoAP",
            "deviceType": "SmartDevice",
            "serviceTypeCapabilities": [
                {
                    "serviceId": "Brightness",
                    "serviceType": "Brightness",
                    "option": "Master"
                },
                {
                    "serviceId": "Electricity",
                    "serviceType": "Electricity",
                    "option": "Optional"
                },
                {
                    "serviceId": "Temperature",
                    "serviceType": "Temperature",
                    "option": "Optional"
                }
            ]
        }
    ]
}