{
    "services": [
        {
            "serviceType": "Electricity",
            "description": "Electricity",
            "commands": null,
            "properties": [
                {
                    "propertyName": "voltage",
                    "dataType": "double",
                    "required": true,
                    "min": -3000,
                    "max": 3000,
                    "step": 0.1,
                    "maxLength": null,
                    "method": "RE",
                    "unit": null,
                    "enumList": null
                },
                {
                    "propertyName": "current",
                    "dataType": "int",
                    "required": false,
                    "min": 0,
                    "max": 1000,
                    "step": 1,
                    "maxLength": null,
                    "method": "RE",
                    "unit": null,
                    "enumList": null
                },
                {
                    "propertyName": "frequency",
                    "dataType": "double",
                    "required": false,
                    "min": 0,
                    "max": 100,
                    "step": 0.1,
                    "maxLength": null,
                    "method": "RE",
                    "unit": null,
                    "enumList": null
                },
                {
                    "propertyName": "powerfactor",
                    "dataType": "double",
                    "required": false,
                    "min": 0,
                    "max": 1,
                    "step": 0.01,
                    "maxLength": null,
                    "method": "RE",
                    "unit": null,
                    "enumList": null
                }
            ]
        }
    ]
}